Age,Sex,Job,Housing,Saving accounts,Checking account,Credit amount,Duration,Purpose,Risk,Age_cat,is_Male,Risk_Numeric
64.5,male,2,1,0,0,1169.0,6.0,5,good,1,1,1
22.0,female,2,1,0,1,5951.0,42.0,5,bad,2,0,0
49.0,male,1,1,0,0,2096.0,12.0,3,good,0,1,1
45.0,male,2,0,0,0,7882.0,42.0,4,good,0,1,1
53.0,male,2,0,0,0,4870.0,24.0,1,bad,0,1,0
35.0,male,1,0,0,0,7882.375,36.0,3,good,3,1,1
53.0,male,2,1,2,0,2835.0,24.0,4,good,0,1,1
35.0,male,3,2,0,1,6948.0,36.0,1,good,3,1,1
61.0,male,1,1,3,0,3059.0,12.0,5,good,1,1,1
28.0,male,3,1,0,1,5234.0,30.0,1,bad,3,1,0
25.0,female,2,2,0,1,1295.0,12.0,1,bad,2,0,0
24.0,female,2,2,0,0,4308.0,42.0,0,bad,2,0,0
22.0,female,2,1,0,1,1567.0,12.0,5,good,2,0,1
60.0,male,1,1,0,0,1199.0,24.0,1,bad,0,1,0
28.0,female,2,2,0,0,1403.0,15.0,1,good,3,0,1
32.0,female,1,1,1,0,1282.0,24.0,5,bad,3,0,0
53.0,male,2,1,0,0,2424.0,24.0,5,good,0,1,1
25.0,male,2,1,0,0,7882.375,30.0,0,good,2,1,1
44.0,female,3,0,0,1,7882.375,24.0,1,bad,0,0,0
31.0,male,2,1,2,0,3430.0,24.0,5,good,3,1,1
48.0,male,2,1,0,0,2134.0,9.0,1,good,0,1,1
44.0,male,2,2,2,0,2647.0,6.0,5,good,0,1,1
48.0,male,1,2,0,0,2241.0,10.0,1,good,0,1,1
44.0,male,2,1,1,1,1804.0,12.0,1,good,0,1,1
26.0,male,2,1,0,0,2069.0,10.0,4,good,3,1,1
36.0,male,1,1,0,0,1374.0,6.0,4,good,0,1,1
39.0,male,1,1,0,0,426.0,6.0,5,good,0,1,1
42.0,female,2,2,3,2,409.0,12.0,5,good,0,0,1
34.0,male,2,1,0,1,2415.0,7.0,5,good,3,1,1
63.0,male,2,1,0,0,6836.0,42.0,0,bad,1,1,0
36.0,male,2,1,3,1,1913.0,18.0,0,good,0,1,1
27.0,male,2,1,0,0,4020.0,24.0,4,good,3,1,1
30.0,male,2,1,1,1,5866.0,18.0,1,good,3,1,1
57.0,male,1,2,0,0,1264.0,12.0,0,good,0,1,1
33.0,female,3,1,0,2,1474.0,12.0,4,good,3,0,1
25.0,male,1,1,0,1,4746.0,42.0,5,bad,2,1,0
31.0,male,2,0,0,0,6110.0,42.0,3,good,3,1,1
37.0,male,2,1,0,2,2100.0,18.0,5,bad,0,1,0
37.0,male,2,1,0,2,1225.0,10.0,2,good,0,1,1
24.0,male,2,1,0,1,458.0,9.0,5,good,2,1,1
30.0,male,3,1,2,0,2333.0,30.0,5,good,3,1,1
26.0,male,2,1,2,1,1158.0,12.0,5,good,3,1,1
44.0,male,1,1,0,1,6204.0,18.0,6,good,0,1,1
24.0,male,2,2,1,0,6187.0,30.0,1,good,2,1,1
58.0,female,1,0,0,0,6143.0,42.0,1,bad,0,0,0
35.0,female,3,1,0,0,1393.0,11.0,1,good,3,0,1
39.0,male,2,1,2,0,2299.0,36.0,5,good,0,1,1
23.0,female,0,2,2,0,1352.0,6.0,1,good,2,0,1
39.0,male,1,1,0,0,7228.0,11.0,1,good,0,1,1
28.0,female,2,1,1,0,2073.0,12.0,5,good,3,0,1
29.0,male,1,1,0,1,2333.0,24.0,4,good,3,1,1
30.0,male,3,1,0,1,5965.0,27.0,1,good,3,1,1
25.0,male,2,1,0,0,1262.0,12.0,5,good,2,1,1
31.0,male,2,1,0,0,3378.0,18.0,1,good,3,1,1
57.0,male,2,0,0,1,2225.0,36.0,1,bad,0,1,0
26.0,male,1,1,0,0,783.0,6.0,1,good,3,1,1
52.0,male,3,1,0,1,6468.0,12.0,5,bad,0,1,0
31.0,female,2,1,0,0,7882.375,36.0,5,good,3,0,1
23.0,female,3,1,0,2,1961.0,18.0,1,good,2,0,1
23.0,female,1,2,0,0,6229.0,36.0,4,bad,2,0,0
27.0,male,2,1,0,1,1391.0,9.0,0,good,3,1,1
50.0,male,2,1,0,1,1537.0,15.0,5,good,0,1,1
61.0,male,3,0,0,1,1953.0,36.0,0,bad,1,1,0
25.0,male,2,1,0,1,7882.375,42.0,0,bad,2,1,0
26.0,female,2,1,0,0,3181.0,24.0,5,good,3,0,1
48.0,male,2,1,0,0,5190.0,27.0,6,good,0,1,1
29.0,female,2,1,0,0,2171.0,12.0,5,good,3,0,1
22.0,male,2,1,3,1,1007.0,12.0,1,good,2,1,1
37.0,male,2,0,0,0,1819.0,36.0,3,bad,0,1,0
25.0,female,2,1,0,0,2394.0,36.0,5,good,2,0,1
30.0,female,2,1,0,0,7882.375,36.0,1,good,3,0,1
46.0,male,1,2,0,0,730.0,7.0,5,good,0,1,1
51.0,male,3,0,0,0,1164.0,8.0,7,good,0,1,1
41.0,female,1,1,0,1,5954.0,42.0,0,good,0,0,1
40.0,male,3,1,0,0,1977.0,36.0,3,bad,0,1,0
64.5,male,3,0,0,0,1526.0,12.0,1,good,1,1,1
34.0,male,2,1,0,0,3965.0,42.0,5,bad,3,1,0
51.0,male,2,1,0,1,4771.0,11.0,5,good,0,1,1
39.0,male,1,1,0,0,7882.375,42.0,1,good,0,1,1
22.0,male,2,1,0,1,3832.0,30.0,4,good,2,1,1
44.0,female,2,1,0,0,5943.0,24.0,5,bad,0,0,0
47.0,male,2,1,2,0,1213.0,15.0,5,good,0,1,1
24.0,female,1,2,1,0,1568.0,18.0,0,good,2,0,1
58.0,female,1,1,0,0,1755.0,24.0,7,good,0,0,1
52.0,male,1,1,0,0,2315.0,10.0,5,good,0,1,1
29.0,female,3,1,0,0,1412.0,12.0,0,good,3,0,1
27.0,female,2,1,0,1,1295.0,18.0,4,good,3,0,1
47.0,male,2,0,1,1,7882.375,36.0,3,bad,0,1,0
30.0,male,3,1,1,0,2249.0,18.0,1,good,3,1,1
28.0,male,2,1,0,0,1108.0,12.0,6,bad,3,1,0
56.0,male,2,1,0,0,618.0,12.0,5,good,0,1,1
54.0,male,2,1,0,0,1409.0,12.0,1,good,0,1,1
33.0,female,1,1,0,0,797.0,12.0,5,bad,3,0,0
20.0,male,2,2,0,2,3617.0,24.0,4,good,2,1,1
54.0,male,2,1,3,1,1318.0,12.0,1,good,0,1,1
58.0,male,2,2,0,1,7882.375,42.0,0,bad,0,1,0
61.0,female,2,1,0,0,2012.0,12.0,3,good,1,0,1
34.0,male,2,1,1,1,2622.0,18.0,0,good,3,1,1
36.0,male,2,1,0,1,2337.0,36.0,5,good,0,1,1
36.0,male,3,2,0,1,7057.0,20.0,1,good,0,1,1
41.0,male,1,2,1,0,1469.0,24.0,1,good,0,1,1
24.0,male,2,2,0,1,2323.0,36.0,5,good,2,1,1
24.0,female,2,1,0,0,932.0,6.0,5,good,2,0,1
35.0,male,2,2,0,1,1919.0,9.0,4,good,3,1,1
26.0,male,2,2,0,0,2445.0,12.0,1,good,3,1,1
39.0,male,3,1,0,1,7882.375,24.0,7,bad,0,1,0
39.0,male,3,1,0,0,6458.0,18.0,1,bad,0,1,0
32.0,male,2,1,0,1,6078.0,12.0,1,good,3,1,1
30.0,female,2,1,0,0,7721.0,24.0,4,good,3,0,1
35.0,male,2,1,2,1,1410.0,14.0,0,good,3,1,1
31.0,male,2,1,1,1,1449.0,6.0,0,good,3,1,1
23.0,female,2,2,0,2,392.0,15.0,3,good,2,0,1
28.0,male,1,2,0,1,6260.0,18.0,1,good,3,1,1
25.0,female,2,1,0,0,7855.0,36.0,1,bad,2,0,0
35.0,male,2,1,2,0,1680.0,12.0,5,good,3,1,1
47.0,male,2,1,0,0,3578.0,42.0,5,good,0,1,1
30.0,female,3,1,0,0,7174.0,42.0,5,bad,3,0,0
27.0,female,2,2,0,0,2132.0,10.0,4,good,3,0,1
23.0,female,2,1,2,0,4281.0,33.0,4,bad,2,0,0
36.0,male,3,1,2,1,2366.0,12.0,1,good,0,1,1
25.0,female,2,1,0,0,1835.0,21.0,5,bad,2,0,0
41.0,female,3,2,0,0,3868.0,24.0,1,good,0,0,1
24.0,male,1,2,0,0,1768.0,12.0,4,good,2,1,1
63.0,male,2,0,0,2,781.0,10.0,1,good,1,1,1
27.0,female,2,2,0,1,1924.0,18.0,4,bad,3,0,0
30.0,male,2,1,0,0,2121.0,12.0,1,good,3,1,1
40.0,male,1,1,0,0,701.0,12.0,5,good,0,1,1
30.0,male,2,1,0,1,639.0,12.0,6,bad,3,1,0
34.0,male,3,1,0,1,1860.0,12.0,1,good,3,1,1
29.0,female,2,1,0,0,3499.0,12.0,1,bad,3,0,0
24.0,female,2,1,0,1,7882.375,42.0,1,good,2,0,1
29.0,male,2,1,0,0,6887.0,36.0,3,bad,3,1,0
27.0,male,1,1,0,0,2708.0,15.0,4,good,3,1,1
47.0,male,2,0,0,0,1984.0,18.0,4,good,0,1,1
21.0,female,2,1,1,0,7882.375,42.0,5,good,2,0,1
38.0,female,2,1,0,0,1240.0,12.0,5,good,0,0,1
27.0,male,2,1,3,0,7882.375,27.0,1,good,3,1,1
64.5,male,1,1,2,1,766.0,12.0,5,bad,1,1,0
35.0,male,2,1,0,1,2728.0,15.0,5,good,3,1,1
44.0,female,1,2,0,2,1881.0,12.0,5,good,0,0,1
27.0,male,0,1,3,2,709.0,6.0,1,good,3,1,1
30.0,female,3,1,0,1,4795.0,36.0,5,good,3,0,1
27.0,male,3,1,0,0,3416.0,27.0,5,good,3,1,1
22.0,male,2,1,0,0,2462.0,18.0,4,bad,2,1,0
23.0,female,2,1,0,0,2288.0,21.0,4,good,2,0,1
30.0,male,2,1,1,1,3566.0,42.0,0,good,3,1,1
39.0,female,2,1,0,0,860.0,6.0,1,good,0,0,1
51.0,female,2,1,1,0,682.0,12.0,1,good,0,0,1
28.0,male,2,1,0,0,5371.0,36.0,4,good,3,1,1
46.0,male,2,1,3,0,1582.0,18.0,5,good,0,1,1
42.0,male,2,0,1,0,1346.0,6.0,5,good,0,1,1
38.0,male,2,1,0,0,1924.0,10.0,5,good,0,1,1
24.0,male,2,1,0,2,5848.0,36.0,5,good,2,1,1
29.0,female,2,2,3,1,7758.0,24.0,1,good,3,0,1
36.0,male,3,2,1,1,6967.0,24.0,0,good,0,1,1
20.0,female,2,2,0,0,1282.0,12.0,4,bad,2,0,0
48.0,male,2,1,1,0,1288.0,9.0,6,good,0,1,1
45.0,male,1,1,0,0,339.0,12.0,3,good,0,1,1
38.0,male,2,1,1,1,3512.0,24.0,1,good,0,1,1
34.0,male,1,1,0,0,1898.0,6.0,5,good,3,1,1
36.0,male,2,1,1,0,2872.0,24.0,5,good,0,1,1
30.0,female,2,1,0,0,1055.0,18.0,1,good,3,0,1
36.0,male,2,1,2,0,1262.0,15.0,2,good,0,1,1
64.5,male,3,0,0,1,7308.0,10.0,1,good,1,1,1
36.0,male,2,1,2,0,909.0,36.0,1,good,0,1,1
32.0,male,2,1,2,0,2978.0,6.0,4,good,3,1,1
33.0,female,2,1,0,0,1131.0,18.0,4,bad,3,0,0
20.0,female,2,1,3,1,1577.0,11.0,4,good,2,0,1
25.0,female,2,2,0,0,3972.0,24.0,4,good,2,0,1
31.0,male,2,1,0,1,1935.0,24.0,0,bad,3,1,0
33.0,male,2,2,0,0,950.0,15.0,1,bad,3,1,0
26.0,female,2,1,0,0,763.0,12.0,4,good,3,0,1
34.0,female,3,1,0,1,2064.0,24.0,4,bad,3,0,0
33.0,male,2,1,0,1,1414.0,8.0,5,good,3,1,1
26.0,male,2,1,0,0,3414.0,21.0,3,bad,3,1,0
53.0,female,3,1,0,0,7485.0,30.0,1,bad,0,0,0
42.0,male,2,1,0,0,2577.0,12.0,4,good,0,1,1
52.0,male,2,1,2,0,338.0,6.0,5,good,0,1,1
31.0,male,3,2,0,0,1963.0,12.0,5,good,3,1,1
64.5,male,2,1,0,0,571.0,21.0,1,good,1,1,1
28.0,male,2,1,0,0,7882.375,36.0,0,bad,3,1,0
30.0,male,3,1,0,1,4455.0,36.0,0,bad,3,1,0
40.0,male,1,1,0,0,1647.0,21.0,1,bad,0,1,0
50.0,male,2,1,3,0,3777.0,24.0,4,good,0,1,1
36.0,male,2,1,0,1,884.0,18.0,1,bad,0,1,0
31.0,male,2,1,0,0,1360.0,15.0,5,good,3,1,1
64.5,female,3,0,0,1,5129.0,9.0,1,bad,1,0,0
64.5,male,0,0,0,1,1175.0,16.0,1,good,1,1,1
20.0,male,2,1,1,0,674.0,12.0,5,bad,2,1,0
33.0,female,2,1,0,1,3244.0,18.0,4,good,3,0,1
54.0,male,3,1,3,0,4591.0,24.0,0,bad,0,1,0
34.0,male,1,0,1,1,3844.0,42.0,0,bad,3,1,0
36.0,male,2,1,0,1,3915.0,27.0,0,bad,0,1,0
29.0,male,2,2,0,0,2108.0,6.0,5,good,3,1,1
21.0,male,2,2,1,1,3031.0,42.0,5,bad,2,1,0
34.0,female,3,1,0,1,1501.0,9.0,3,bad,3,0,0
28.0,female,2,1,0,0,1382.0,6.0,5,good,3,0,1
27.0,female,2,2,1,1,951.0,12.0,4,bad,3,0,0
36.0,male,2,0,0,1,2760.0,24.0,1,good,0,1,1
40.0,male,3,1,0,1,4297.0,18.0,4,bad,0,1,0
52.0,male,2,1,2,0,936.0,9.0,3,good,0,1,1
27.0,male,1,1,0,0,1168.0,12.0,1,good,3,1,1
26.0,male,2,1,0,0,5117.0,27.0,0,good,3,1,1
21.0,male,2,2,0,0,902.0,12.0,3,bad,2,1,0
38.0,male,1,1,0,0,1495.0,12.0,1,good,0,1,1
38.0,male,3,0,0,0,7882.375,30.0,1,good,0,1,1
43.0,male,2,1,0,0,1935.0,12.0,4,good,0,1,1
26.0,male,2,1,0,1,1424.0,12.0,2,good,3,1,1
21.0,male,1,1,0,0,6568.0,24.0,0,good,2,1,1
55.0,male,2,1,3,0,1413.0,12.0,1,good,0,1,1
33.0,male,2,1,0,0,3074.0,9.0,5,good,3,1,1
45.0,female,1,1,0,0,3835.0,36.0,5,good,0,0,1
50.0,male,2,1,0,0,5293.0,27.0,0,bad,0,1,0
64.5,male,3,1,0,2,1908.0,30.0,0,bad,1,1,0
51.0,male,2,1,0,0,3342.0,36.0,5,good,0,1,1
39.0,female,1,1,0,1,932.0,6.0,3,good,0,0,1
31.0,male,2,1,0,0,3104.0,18.0,0,good,3,1,1
23.0,male,2,1,0,2,3913.0,36.0,5,good,2,1,1
24.0,male,1,2,0,0,3021.0,24.0,4,good,2,1,1
64.0,female,2,1,0,0,1364.0,10.0,1,good,1,0,1
26.0,male,1,1,0,1,625.0,12.0,5,good,3,1,1
23.0,female,2,2,0,0,1200.0,12.0,3,good,2,0,1
30.0,male,2,1,0,0,707.0,12.0,5,good,3,1,1
32.0,male,2,1,0,0,2978.0,24.0,0,good,3,1,1
30.0,male,2,1,0,0,4657.0,15.0,1,good,3,1,1
27.0,male,2,1,0,0,2613.0,36.0,6,good,3,1,1
27.0,male,2,1,3,1,7882.375,42.0,5,bad,3,1,0
53.0,male,3,0,0,0,7865.0,12.0,4,bad,0,1,0
22.0,male,2,1,0,0,1478.0,9.0,5,bad,2,1,0
22.0,male,2,0,0,0,3149.0,24.0,4,good,2,1,1
26.0,male,2,1,0,2,4210.0,36.0,5,bad,3,1,0
51.0,male,1,0,2,0,2507.0,9.0,1,good,0,1,1
35.0,male,2,1,1,0,2141.0,12.0,5,good,3,1,1
25.0,male,1,1,0,1,866.0,18.0,5,good,2,1,1
42.0,male,1,1,0,0,1544.0,4.0,5,good,0,1,1
30.0,male,3,1,0,0,1823.0,24.0,5,bad,3,1,0
23.0,male,0,1,0,1,7882.375,6.0,1,bad,2,1,0
61.0,male,1,2,1,1,2767.0,21.0,0,bad,1,1,0
35.0,female,2,1,0,0,1291.0,12.0,5,good,3,0,1
39.0,male,2,1,0,0,2522.0,30.0,5,good,0,1,1
29.0,female,2,1,0,0,915.0,24.0,1,bad,3,0,0
51.0,male,2,1,0,0,1595.0,6.0,5,good,0,1,1
24.0,male,2,0,0,0,4605.0,42.0,1,bad,2,1,0
27.0,female,2,1,0,0,1185.0,12.0,0,good,3,0,1
35.0,female,1,1,2,0,3447.0,12.0,3,good,3,0,1
25.0,male,2,1,0,0,1258.0,24.0,0,good,2,1,1
52.0,male,2,1,0,0,717.0,12.0,5,good,0,1,1
35.0,male,2,2,1,0,1204.0,6.0,1,good,3,1,1
26.0,male,2,1,0,2,1925.0,24.0,4,good,3,1,1
22.0,female,2,2,0,0,433.0,18.0,5,bad,2,0,0
39.0,female,1,1,3,0,666.0,6.0,1,good,0,0,1
46.0,female,1,1,0,2,2251.0,12.0,4,good,0,0,1
24.0,female,2,1,0,1,2150.0,30.0,1,bad,2,0,0
35.0,male,2,1,1,0,4151.0,24.0,4,good,3,1,1
24.0,male,2,1,0,1,2030.0,9.0,4,good,2,1,1
27.0,male,1,1,0,1,7418.0,42.0,5,good,3,1,1
35.0,male,1,1,0,0,2684.0,24.0,5,good,3,1,1
29.0,male,2,0,0,0,2149.0,12.0,5,bad,3,1,0
23.0,female,2,1,1,0,3812.0,15.0,1,good,2,0,1
57.0,female,1,1,1,0,1154.0,11.0,5,good,0,0,1
27.0,male,2,1,0,0,1657.0,12.0,4,good,3,1,1
55.0,female,2,1,0,0,1603.0,24.0,5,good,0,0,1
36.0,male,3,0,0,0,5302.0,18.0,1,good,0,1,1
57.0,female,1,0,0,0,2748.0,12.0,3,good,0,0,1
32.0,male,1,1,0,0,1231.0,10.0,1,good,3,1,1
37.0,male,2,1,0,1,802.0,15.0,5,bad,0,1,0
36.0,male,2,1,0,0,6304.0,36.0,0,good,0,1,1
38.0,female,2,1,0,0,1533.0,24.0,5,good,0,0,1
45.0,male,3,1,0,0,7882.375,14.0,1,bad,0,1,0
25.0,male,2,1,0,0,999.0,24.0,5,good,2,1,1
32.0,male,2,1,0,0,2662.0,18.0,1,good,3,1,1
37.0,female,2,2,2,0,1402.0,12.0,4,good,0,0,1
36.0,male,3,0,0,1,7882.375,42.0,1,good,0,1,1
28.0,male,2,1,0,1,3060.0,42.0,5,bad,3,1,0
34.0,male,1,1,0,0,7882.375,30.0,6,bad,3,1,0
32.0,male,2,1,0,0,2697.0,9.0,5,good,3,1,1
26.0,female,2,1,0,0,2404.0,18.0,5,good,3,0,1
49.0,male,1,1,0,0,1262.0,12.0,4,good,0,1,1
32.0,female,2,1,0,0,4611.0,6.0,4,bad,3,0,0
29.0,male,3,2,1,0,1901.0,24.0,5,good,3,1,1
23.0,male,2,2,3,0,3368.0,15.0,1,good,2,1,1
50.0,male,2,1,0,0,1574.0,12.0,4,good,0,1,1
49.0,male,1,1,0,2,1445.0,18.0,5,good,0,1,1
63.0,male,2,1,0,0,1520.0,15.0,4,good,1,1,1
37.0,male,2,1,1,1,3878.0,24.0,1,good,0,1,1
35.0,female,1,1,0,0,7882.375,42.0,1,good,3,0,1
26.0,male,2,1,0,0,4788.0,42.0,1,good,3,1,1
31.0,male,3,0,1,1,7582.0,42.0,7,good,3,1,1
49.0,female,2,1,0,1,1092.0,12.0,5,good,0,0,1
48.0,male,2,1,0,0,1024.0,24.0,5,bad,0,1,0
26.0,male,2,1,0,0,1076.0,12.0,0,good,3,1,1
28.0,male,3,2,0,1,7882.375,36.0,1,bad,3,1,0
44.0,female,3,0,0,0,6419.0,24.0,1,good,0,0,1
56.0,male,2,0,0,2,4796.0,42.0,1,good,0,1,1
46.0,male,3,1,0,0,7629.0,42.0,0,good,0,1,1
26.0,female,2,1,0,1,7882.375,42.0,4,bad,3,0,0
20.0,female,2,2,0,0,4675.0,12.0,1,good,2,0,1
45.0,male,1,1,0,0,1287.0,10.0,1,good,0,1,1
43.0,male,2,1,0,0,2515.0,18.0,4,good,0,1,1
32.0,male,2,1,3,1,2745.0,21.0,4,good,3,1,1
54.0,female,0,1,0,0,672.0,6.0,1,good,0,0,1
42.0,female,2,1,0,1,3804.0,36.0,5,bad,0,0,0
37.0,male,1,1,0,2,1344.0,24.0,1,bad,0,1,0
49.0,male,2,1,0,0,1038.0,10.0,1,good,0,1,1
44.0,male,2,0,2,0,7882.375,42.0,1,bad,0,1,0
33.0,male,2,1,3,0,1543.0,6.0,4,good,3,1,1
24.0,female,1,2,0,0,4811.0,30.0,1,good,2,0,1
33.0,male,1,1,1,0,727.0,12.0,5,bad,3,1,0
24.0,female,2,1,0,1,1237.0,8.0,4,bad,2,0,0
22.0,male,1,2,0,1,276.0,9.0,1,good,2,1,1
40.0,male,0,0,0,1,5381.0,42.0,7,good,0,1,1
25.0,male,2,1,1,0,5511.0,24.0,4,good,2,1,1
26.0,female,2,1,0,2,3749.0,24.0,4,good,3,0,1
25.0,male,1,1,0,1,685.0,12.0,1,bad,2,1,0
29.0,male,1,1,0,2,1494.0,4.0,1,good,3,1,1
31.0,male,2,1,0,0,2746.0,36.0,4,bad,3,1,0
38.0,male,1,1,0,0,708.0,12.0,4,good,0,1,1
48.0,female,1,1,0,1,4351.0,24.0,4,good,0,0,1
32.0,male,2,1,0,0,701.0,12.0,3,good,3,1,1
27.0,female,1,1,0,0,3643.0,15.0,4,good,3,0,1
28.0,male,3,1,0,1,4249.0,30.0,1,bad,3,1,0
32.0,male,2,1,0,0,1938.0,24.0,5,bad,3,1,0
34.0,male,3,0,0,0,2910.0,24.0,1,good,3,1,1
28.0,male,2,1,3,0,2659.0,18.0,4,good,3,1,1
36.0,female,2,1,0,0,1028.0,18.0,1,good,0,0,1
39.0,male,1,1,0,0,3398.0,8.0,1,good,0,1,1
49.0,male,2,2,0,0,5801.0,12.0,4,good,0,1,1
34.0,female,2,1,3,0,1525.0,24.0,1,good,3,0,1
31.0,male,2,1,0,2,4473.0,36.0,5,good,3,1,1
28.0,male,2,1,0,1,1068.0,6.0,5,good,3,1,1
64.5,male,3,0,0,0,6615.0,24.0,1,good,1,1,1
30.0,female,2,1,1,0,1864.0,18.0,3,bad,3,0,0
24.0,female,3,1,1,1,7408.0,42.0,1,bad,2,0,0
24.0,female,1,2,1,0,7882.375,42.0,1,bad,2,0,0
23.0,male,2,2,0,0,4110.0,24.0,4,bad,2,1,0
44.0,male,3,2,0,0,3384.0,6.0,4,bad,0,1,0
23.0,female,1,1,0,1,2101.0,13.0,5,good,2,0,1
24.0,female,2,2,0,0,1275.0,15.0,2,bad,2,0,0
28.0,male,2,1,0,0,4169.0,24.0,4,good,3,1,1
31.0,male,1,1,0,1,1521.0,10.0,4,good,3,1,1
24.0,female,2,0,0,1,5743.0,24.0,3,good,2,0,1
26.0,female,1,2,0,0,3599.0,21.0,4,good,3,0,1
25.0,male,2,2,2,1,3213.0,18.0,5,good,2,1,1
33.0,male,3,1,0,1,4439.0,18.0,0,good,3,1,1
37.0,male,1,1,0,2,3949.0,10.0,1,good,0,1,1
43.0,female,1,1,0,0,1459.0,15.0,5,good,0,0,1
23.0,male,2,1,0,1,882.0,13.0,5,good,2,1,1
23.0,female,0,2,2,1,3758.0,24.0,5,good,2,0,1
34.0,male,1,1,1,0,1743.0,6.0,0,good,3,1,1
32.0,male,2,0,3,1,1136.0,9.0,3,bad,3,1,0
23.0,female,2,2,0,0,1236.0,9.0,2,good,2,0,1
29.0,female,2,1,0,1,959.0,9.0,4,bad,3,0,0
38.0,male,3,1,0,0,3229.0,18.0,1,good,0,1,1
28.0,male,2,2,0,0,6199.0,12.0,5,bad,3,1,0
46.0,male,2,0,2,0,727.0,10.0,3,good,0,1,1
23.0,male,1,1,0,1,1246.0,24.0,1,bad,2,1,0
49.0,male,2,1,0,0,2331.0,12.0,5,good,0,1,1
26.0,male,3,1,0,0,4463.0,36.0,5,bad,3,1,0
28.0,male,2,1,0,0,776.0,12.0,5,good,3,1,1
23.0,female,2,2,0,0,2406.0,30.0,4,bad,2,0,0
61.0,male,2,0,0,1,1239.0,18.0,3,good,1,1,1
37.0,male,3,1,0,2,3399.0,12.0,5,good,0,1,1
36.0,female,2,1,0,2,2247.0,12.0,1,good,0,0,1
21.0,male,2,2,0,0,1766.0,6.0,4,good,2,1,1
25.0,male,0,1,0,0,2473.0,18.0,4,bad,2,1,0
36.0,male,2,1,0,0,1542.0,12.0,0,good,0,1,1
27.0,male,2,1,0,0,3850.0,18.0,1,good,3,1,1
22.0,female,2,2,0,0,3650.0,18.0,4,good,2,0,1
42.0,male,2,1,0,0,3446.0,36.0,4,bad,0,1,0
40.0,female,2,2,0,1,3001.0,18.0,4,good,0,0,1
36.0,male,2,1,0,0,3079.0,36.0,1,good,0,1,1
33.0,male,2,1,0,0,6070.0,18.0,5,good,3,1,1
23.0,female,2,2,0,0,2146.0,10.0,4,good,2,0,1
63.0,male,3,0,0,0,7882.375,42.0,1,good,1,1,1
60.0,female,3,0,1,1,7882.375,42.0,7,bad,0,0,0
37.0,female,2,2,0,0,7685.0,42.0,0,bad,0,0,0
34.0,male,2,1,0,0,2320.0,18.0,5,good,3,1,1
36.0,male,2,0,0,0,846.0,7.0,5,good,0,1,1
57.0,male,3,0,0,1,7882.375,36.0,1,bad,0,1,0
52.0,female,1,1,1,0,362.0,6.0,1,good,0,0,1
39.0,male,2,1,0,0,2212.0,20.0,4,good,0,1,1
38.0,female,3,0,0,1,7882.375,18.0,1,bad,0,0,0
25.0,female,2,2,0,0,1283.0,22.0,1,good,2,0,1
26.0,male,2,1,0,2,1330.0,12.0,1,good,3,1,1
26.0,male,1,1,1,0,4272.0,30.0,0,good,3,1,1
25.0,female,2,1,0,0,2238.0,18.0,5,good,2,0,1
21.0,female,2,2,0,0,1126.0,18.0,5,good,2,0,1
40.0,male,3,1,0,1,7374.0,18.0,4,good,0,1,1
27.0,male,2,1,2,1,2326.0,15.0,0,good,3,1,1
27.0,female,2,1,0,0,1449.0,9.0,0,good,3,0,1
30.0,male,3,1,0,0,1820.0,18.0,1,good,3,1,1
19.0,female,1,2,3,1,983.0,12.0,4,good,2,0,1
39.0,male,3,0,0,0,3249.0,36.0,1,good,0,1,1
31.0,female,2,1,0,0,1957.0,6.0,5,good,3,0,1
31.0,male,3,1,0,0,2406.0,9.0,4,good,3,1,1
32.0,male,2,2,1,1,7882.375,39.0,3,good,3,1,1
55.0,female,3,0,0,0,2578.0,12.0,4,good,0,0,1
46.0,male,2,1,0,0,2348.0,36.0,4,good,0,1,1
46.0,male,2,2,0,1,1223.0,12.0,1,bad,0,1,0
43.0,female,1,1,3,0,1516.0,24.0,5,good,0,0,1
39.0,male,2,1,0,0,1473.0,18.0,5,good,0,1,1
28.0,male,2,1,0,1,1887.0,18.0,0,good,3,1,1
27.0,male,2,1,0,0,7882.375,24.0,0,bad,3,1,0
27.0,male,1,1,0,0,802.0,14.0,1,good,3,1,1
43.0,male,2,1,0,1,2899.0,18.0,1,good,0,1,1
22.0,male,2,1,0,1,2039.0,24.0,5,bad,2,1,0
43.0,male,2,1,0,0,2197.0,24.0,1,good,0,1,1
27.0,male,2,1,0,0,1053.0,15.0,5,good,3,1,1
26.0,male,3,1,2,0,3235.0,24.0,5,good,3,1,1
28.0,male,2,1,2,2,939.0,12.0,1,bad,3,1,0
20.0,female,2,1,0,1,1967.0,24.0,5,good,2,0,1
35.0,male,3,1,0,0,7253.0,33.0,1,good,3,1,1
42.0,male,3,1,0,0,2292.0,12.0,0,bad,0,1,0
40.0,male,1,2,2,0,1597.0,10.0,1,good,0,1,1
35.0,female,2,1,0,0,1381.0,24.0,1,bad,3,0,0
35.0,male,2,1,0,0,5842.0,36.0,1,good,3,1,1
33.0,male,1,1,0,0,2579.0,12.0,1,bad,3,1,0
23.0,female,2,2,0,0,7882.375,18.0,3,good,2,0,1
31.0,female,3,1,2,0,2782.0,21.0,1,good,3,0,1
33.0,female,2,1,0,1,1042.0,18.0,1,bad,3,0,0
20.0,female,2,2,3,0,3186.0,15.0,1,good,2,0,1
30.0,male,2,1,0,1,2028.0,12.0,1,good,3,1,1
47.0,male,1,1,0,1,958.0,12.0,1,good,0,1,1
34.0,male,3,1,1,0,1591.0,21.0,4,good,3,1,1
25.0,female,2,1,0,1,2762.0,12.0,4,bad,2,0,0
21.0,male,2,2,0,1,2779.0,18.0,1,good,2,1,1
29.0,male,2,1,0,0,2743.0,28.0,5,good,3,1,1
46.0,male,2,1,3,0,1149.0,18.0,5,good,0,1,1
20.0,male,2,1,0,0,1313.0,9.0,4,good,2,1,1
55.0,female,0,0,0,0,1190.0,18.0,6,bad,0,0,0
64.5,male,1,1,0,0,3448.0,5.0,0,good,1,1,1
29.0,male,3,1,0,1,7882.375,24.0,7,bad,3,1,0
36.0,male,3,0,0,0,1872.0,6.0,4,good,0,1,1
33.0,male,2,1,0,0,2058.0,24.0,6,good,3,1,1
25.0,male,2,1,0,0,2136.0,9.0,4,good,2,1,1
25.0,male,2,1,0,1,1484.0,12.0,5,bad,2,1,0
23.0,male,1,2,2,0,660.0,6.0,6,good,2,1,1
37.0,female,2,1,3,0,1287.0,24.0,1,good,0,0,1
64.5,male,0,1,0,0,3394.0,42.0,6,good,1,1,1
26.0,female,0,1,0,2,609.0,12.0,0,bad,3,0,0
39.0,male,3,1,0,0,1884.0,12.0,1,good,0,1,1
30.0,female,2,1,0,0,1620.0,12.0,4,good,3,0,1
29.0,male,2,1,0,1,2629.0,20.0,7,good,3,1,1
41.0,male,1,1,0,0,719.0,12.0,3,bad,0,1,0
30.0,female,3,1,0,1,5096.0,42.0,4,bad,3,0,0
41.0,female,1,2,0,0,1244.0,9.0,3,good,0,0,1
34.0,female,2,1,0,0,1842.0,36.0,1,bad,3,0,0
35.0,male,2,1,0,1,2576.0,7.0,5,good,3,1,1
55.0,female,3,1,0,2,1424.0,12.0,4,good,0,0,1
61.0,male,2,1,3,1,1512.0,15.0,6,bad,1,1,0
30.0,male,3,1,0,0,7882.375,36.0,1,good,3,1,1
29.0,female,2,1,0,0,518.0,6.0,5,good,3,0,1
34.0,male,2,1,0,0,2759.0,12.0,4,good,3,1,1
35.0,male,3,1,0,0,2670.0,24.0,1,good,3,1,1
31.0,male,2,1,0,0,4817.0,24.0,1,bad,3,1,0
29.0,female,3,1,0,0,2679.0,24.0,1,good,3,0,1
36.0,male,2,2,0,0,3905.0,11.0,1,good,0,1,1
35.0,male,2,0,0,0,3386.0,12.0,1,bad,3,1,0
27.0,female,2,1,0,0,343.0,6.0,2,good,3,0,1
32.0,male,2,1,0,0,4594.0,18.0,5,good,3,1,1
37.0,male,2,1,0,0,3620.0,36.0,4,good,0,1,1
36.0,male,2,1,0,0,1721.0,15.0,1,good,0,1,1
34.0,female,3,2,0,1,3017.0,12.0,4,good,3,0,1
38.0,male,2,1,0,1,754.0,12.0,3,good,0,1,1
34.0,male,2,1,0,0,1950.0,18.0,0,good,3,1,1
63.0,male,2,1,0,0,2924.0,24.0,1,good,1,1,1
29.0,female,1,2,0,0,1659.0,24.0,5,bad,3,0,0
32.0,male,2,1,0,0,7238.0,42.0,5,good,3,1,1
26.0,female,2,1,0,0,2764.0,33.0,0,good,3,0,1
35.0,male,1,1,0,0,4679.0,24.0,1,good,3,1,1
22.0,male,2,2,1,1,3092.0,24.0,5,bad,2,1,0
23.0,female,2,1,0,0,448.0,6.0,3,bad,2,0,0
28.0,male,1,1,0,0,654.0,9.0,1,bad,3,1,0
36.0,male,3,1,0,0,1238.0,6.0,3,good,0,1,1
33.0,male,2,1,0,1,1245.0,18.0,5,bad,3,1,0
26.0,female,2,2,0,0,3114.0,18.0,4,bad,3,0,0
24.0,male,2,1,2,0,2569.0,39.0,1,good,2,1,1
25.0,male,2,1,0,2,5152.0,24.0,5,good,2,1,1
39.0,male,1,1,1,1,1037.0,12.0,0,good,0,1,1
44.0,male,2,1,0,0,1478.0,15.0,4,good,0,1,1
23.0,female,1,1,0,1,3573.0,12.0,5,good,2,0,1
26.0,male,2,1,0,1,1201.0,24.0,1,good,3,1,1
57.0,female,2,2,3,0,3622.0,30.0,4,good,0,0,1
30.0,female,2,1,3,0,960.0,15.0,4,good,3,0,1
44.0,male,2,1,2,0,1163.0,12.0,1,good,0,1,1
47.0,male,3,1,0,1,1209.0,6.0,1,bad,0,1,0
52.0,male,2,1,0,0,3077.0,12.0,5,good,0,1,1
62.0,female,2,0,0,0,3757.0,24.0,1,good,1,0,1
35.0,male,1,2,1,0,1418.0,10.0,1,good,3,1,1
26.0,male,2,2,0,0,3518.0,6.0,1,good,3,1,1
26.0,male,2,1,0,0,1934.0,12.0,5,good,3,1,1
42.0,female,3,0,0,1,7882.375,27.0,0,bad,0,0,0
27.0,female,2,1,1,0,1237.0,6.0,5,good,3,0,1
38.0,male,2,1,0,1,368.0,6.0,5,good,0,1,1
39.0,male,1,2,0,0,2122.0,12.0,1,good,0,1,1
20.0,male,2,1,0,0,2996.0,24.0,4,bad,2,1,0
29.0,male,3,2,1,1,7882.375,36.0,4,bad,3,1,0
40.0,male,2,1,0,0,1585.0,24.0,4,good,0,1,1
32.0,male,1,1,0,1,1301.0,18.0,5,good,3,1,1
28.0,male,2,1,1,2,1323.0,6.0,1,good,3,1,1
27.0,female,2,1,0,0,3123.0,24.0,1,bad,3,0,0
42.0,male,2,0,0,0,5493.0,36.0,1,good,0,1,1
49.0,male,2,1,1,2,1126.0,9.0,5,good,0,1,1
38.0,male,2,1,1,1,1216.0,24.0,5,bad,0,1,0
24.0,female,2,2,0,0,1207.0,24.0,1,bad,2,0,0
27.0,male,1,1,0,0,1309.0,10.0,1,bad,3,1,0
36.0,male,2,1,2,2,2360.0,15.0,1,good,0,1,1
34.0,male,3,1,1,1,6850.0,15.0,1,bad,3,1,0
28.0,male,2,1,0,0,1413.0,24.0,5,good,3,1,1
45.0,male,3,1,1,0,7882.375,39.0,1,good,0,1,1
26.0,male,2,1,0,0,759.0,12.0,1,bad,3,1,0
32.0,male,3,0,0,0,4686.0,36.0,1,good,3,1,1
26.0,male,2,2,0,2,2687.0,15.0,0,good,3,1,1
20.0,male,2,2,0,1,585.0,12.0,5,good,2,1,1
54.0,male,2,1,0,0,2255.0,24.0,1,good,0,1,1
37.0,female,2,1,0,0,609.0,6.0,1,good,0,0,1
40.0,male,1,1,0,0,1361.0,6.0,1,good,0,1,1
23.0,female,2,2,0,0,7127.0,36.0,4,bad,2,0,0
43.0,male,2,1,1,0,1203.0,6.0,1,good,0,1,1
36.0,male,2,0,0,0,700.0,6.0,5,good,0,1,1
44.0,male,2,0,0,0,5507.0,24.0,6,good,0,1,1
24.0,female,2,1,0,0,3190.0,18.0,5,bad,2,0,0
53.0,male,2,0,0,0,7119.0,42.0,4,bad,0,1,0
23.0,female,2,1,1,0,3488.0,24.0,1,good,2,0,1
26.0,female,1,1,0,1,1113.0,18.0,5,good,3,0,1
30.0,male,2,1,0,1,7882.375,26.0,1,good,3,1,1
31.0,female,2,1,1,0,1532.0,15.0,3,good,3,0,1
42.0,male,1,1,0,0,1503.0,4.0,5,good,0,1,1
31.0,male,2,2,0,0,2302.0,36.0,5,bad,3,1,0
41.0,male,1,1,0,0,662.0,6.0,1,good,0,1,1
32.0,male,2,1,0,1,2273.0,36.0,3,good,3,1,1
28.0,female,2,2,1,1,2631.0,15.0,1,bad,3,0,0
41.0,male,2,2,0,0,1503.0,12.0,1,good,0,1,1
26.0,male,2,1,1,0,1311.0,24.0,5,good,3,1,1
25.0,male,2,1,0,0,3105.0,24.0,5,good,2,1,1
33.0,male,2,2,0,2,2319.0,21.0,3,bad,3,1,0
64.5,female,3,1,0,0,1374.0,6.0,1,good,1,0,1
37.0,female,2,1,0,1,3612.0,18.0,4,good,0,0,1
42.0,male,3,0,0,0,7763.0,42.0,1,bad,0,1,0
45.0,female,1,1,0,2,3049.0,18.0,4,good,0,0,1
23.0,male,2,2,0,1,1534.0,12.0,5,bad,2,1,0
60.0,male,2,0,0,0,2032.0,24.0,1,good,0,1,1
31.0,male,2,1,0,0,6350.0,30.0,4,bad,3,1,0
34.0,male,1,1,0,2,2864.0,18.0,4,bad,3,1,0
61.0,male,1,1,0,0,1255.0,12.0,1,good,1,1,1
43.0,male,2,0,0,0,1333.0,24.0,1,bad,0,1,0
37.0,female,2,1,0,0,2022.0,24.0,1,good,0,0,1
32.0,male,2,1,0,0,1552.0,24.0,5,good,3,1,1
24.0,female,1,1,0,0,626.0,12.0,5,bad,2,0,0
35.0,male,2,0,0,0,7882.375,42.0,1,good,3,1,1
23.0,female,2,1,0,0,996.0,12.0,6,good,2,0,1
45.0,male,1,1,2,0,1750.0,6.0,5,good,0,1,1
34.0,male,2,1,0,0,6999.0,42.0,5,bad,3,1,0
27.0,male,2,1,1,1,1995.0,12.0,1,good,3,1,1
64.5,female,3,1,0,1,1199.0,9.0,3,good,1,0,1
22.0,male,2,1,0,1,1331.0,12.0,5,bad,2,1,0
28.0,female,2,1,1,1,2278.0,18.0,1,bad,3,0,0
29.0,female,2,1,0,0,5003.0,21.0,1,bad,3,0,0
27.0,male,2,1,0,0,3552.0,24.0,4,bad,3,1,0
31.0,male,1,1,0,1,1928.0,18.0,4,bad,3,1,0
49.0,male,2,0,0,0,2964.0,24.0,1,good,0,1,1
24.0,male,1,2,0,0,1546.0,24.0,5,bad,2,1,0
29.0,female,2,1,0,2,683.0,6.0,5,good,3,0,1
37.0,male,2,0,0,1,7882.375,36.0,1,bad,0,1,0
37.0,male,3,1,0,1,4712.0,24.0,0,good,0,1,1
23.0,female,2,2,1,1,1553.0,24.0,5,good,2,0,1
36.0,male,2,1,0,0,1372.0,12.0,1,bad,0,1,0
34.0,male,2,1,3,0,2578.0,24.0,5,good,3,1,1
41.0,male,2,1,0,1,3979.0,42.0,5,good,0,1,1
31.0,female,2,1,0,0,6758.0,42.0,5,bad,3,0,0
23.0,female,1,2,0,0,3234.0,24.0,4,bad,2,0,0
38.0,male,2,1,0,0,5954.0,30.0,5,good,0,1,1
26.0,female,3,2,0,0,5433.0,24.0,1,good,3,0,1
22.0,female,1,1,0,0,806.0,15.0,0,good,2,0,1
27.0,male,1,1,0,1,1082.0,9.0,5,good,3,1,1
24.0,female,2,1,0,0,2788.0,15.0,4,good,2,0,1
27.0,female,2,1,0,1,2930.0,12.0,5,good,3,0,1
33.0,female,2,1,0,0,1927.0,24.0,3,good,3,0,1
27.0,male,2,1,0,1,2820.0,36.0,1,bad,3,1,0
27.0,male,1,1,0,0,937.0,24.0,3,good,3,1,1
30.0,male,2,1,0,1,1056.0,18.0,1,bad,3,1,0
49.0,male,1,1,0,1,3124.0,12.0,1,good,0,1,1
26.0,female,2,2,0,0,1388.0,9.0,4,good,3,0,1
33.0,male,1,2,0,1,2384.0,36.0,6,bad,3,1,0
52.0,female,3,0,0,0,2133.0,12.0,1,good,0,0,1
20.0,female,2,2,0,0,2039.0,18.0,4,bad,2,0,0
36.0,male,2,2,0,0,2799.0,9.0,1,good,0,1,1
21.0,male,1,1,0,0,1289.0,12.0,4,good,2,1,1
47.0,male,1,1,0,0,1217.0,18.0,2,bad,0,1,0
60.0,male,2,1,0,0,2246.0,12.0,4,bad,0,1,0
58.0,female,1,1,0,0,385.0,12.0,5,good,0,0,1
42.0,female,2,2,0,1,1965.0,24.0,1,good,0,0,1
36.0,female,1,1,3,0,1572.0,21.0,0,good,0,0,1
20.0,female,1,2,0,1,2718.0,24.0,1,bad,2,0,0
40.0,male,3,1,0,0,1358.0,24.0,7,bad,0,1,0
32.0,female,1,1,1,1,931.0,6.0,1,bad,3,0,0
23.0,female,2,2,0,0,1442.0,24.0,1,bad,2,0,0
36.0,male,1,1,0,1,4241.0,24.0,0,bad,0,1,0
31.0,male,2,1,0,0,2775.0,18.0,1,bad,3,1,0
32.0,male,2,0,0,0,3863.0,24.0,0,good,3,1,1
45.0,female,2,1,0,1,2329.0,7.0,5,good,0,0,1
30.0,female,2,1,0,1,918.0,9.0,4,bad,3,0,0
34.0,female,1,0,0,1,1837.0,24.0,3,bad,3,0,0
28.0,female,3,1,0,0,3349.0,36.0,4,bad,3,0,0
23.0,female,2,1,0,2,1275.0,10.0,4,good,2,0,1
22.0,male,2,1,2,0,2828.0,24.0,4,good,2,1,1
64.5,male,3,1,0,0,4526.0,24.0,0,good,1,1,1
50.0,female,2,0,1,1,2671.0,36.0,5,bad,0,0,0
33.0,male,2,1,0,0,2051.0,18.0,5,good,3,1,1
45.0,male,2,0,0,0,1300.0,15.0,1,good,0,1,1
22.0,female,2,1,1,0,741.0,12.0,2,bad,2,0,0
48.0,female,1,0,1,2,1240.0,10.0,1,bad,0,0,0
29.0,female,2,1,3,0,3357.0,21.0,5,good,3,0,1
22.0,female,2,2,0,0,3632.0,24.0,1,good,2,0,1
22.0,female,2,1,0,0,1808.0,18.0,4,bad,2,0,0
48.0,male,3,1,0,1,7882.375,42.0,0,good,0,1,1
27.0,male,3,0,0,1,7882.375,42.0,5,good,3,1,1
37.0,male,2,2,0,0,3676.0,6.0,1,good,0,1,1
21.0,female,2,2,1,1,3441.0,30.0,4,bad,2,0,0
49.0,male,1,1,0,0,640.0,12.0,1,good,0,1,1
27.0,male,2,1,0,1,3652.0,21.0,0,good,3,1,1
32.0,male,2,1,0,0,1530.0,18.0,1,bad,3,1,0
38.0,male,2,1,0,0,3914.0,42.0,0,bad,0,1,0
22.0,female,2,2,0,0,1858.0,12.0,4,good,2,0,1
64.5,male,2,0,0,0,2600.0,18.0,5,bad,1,1,0
35.0,male,2,1,0,0,1979.0,15.0,5,good,3,1,1
41.0,male,2,1,0,2,2116.0,6.0,4,good,0,1,1
29.0,male,2,1,1,1,1437.0,9.0,1,bad,3,1,0
36.0,male,2,1,2,0,4042.0,42.0,4,good,0,1,1
64.0,male,1,1,0,0,3832.0,9.0,3,good,1,1,1
28.0,female,2,1,0,0,3660.0,24.0,5,good,3,0,1
44.0,male,2,1,0,0,1553.0,18.0,4,bad,0,1,0
23.0,male,2,1,0,1,1444.0,15.0,5,good,2,1,1
19.0,female,2,2,0,0,1980.0,9.0,4,bad,2,0,0
25.0,female,1,1,0,1,1355.0,24.0,1,bad,2,0,0
47.0,male,2,1,0,0,1393.0,12.0,3,good,0,1,1
28.0,female,2,1,2,0,1376.0,24.0,5,good,3,0,1
21.0,male,2,1,0,0,7882.375,42.0,5,good,2,1,1
34.0,female,2,1,0,0,1493.0,12.0,5,good,3,0,1
26.0,male,2,1,0,0,4370.0,42.0,5,bad,3,1,0
27.0,female,0,1,0,0,750.0,18.0,3,bad,3,0,0
38.0,male,1,1,0,1,1308.0,15.0,6,good,0,1,1
40.0,male,3,1,1,0,4623.0,15.0,3,bad,0,1,0
33.0,male,2,1,0,0,1851.0,24.0,5,good,3,1,1
32.0,male,3,1,0,0,1880.0,18.0,5,good,3,1,1
27.0,male,2,2,0,0,7882.375,36.0,0,bad,3,1,0
32.0,male,2,1,0,0,4583.0,30.0,4,good,3,1,1
26.0,female,2,1,2,0,1386.0,12.0,1,bad,3,0,0
38.0,male,2,0,0,2,947.0,24.0,1,bad,0,1,0
40.0,male,1,2,0,0,684.0,12.0,3,bad,0,1,0
50.0,male,3,0,0,0,7476.0,42.0,3,good,0,1,1
37.0,male,1,1,0,1,1922.0,12.0,4,bad,0,1,0
45.0,male,2,1,0,0,2303.0,24.0,1,bad,0,1,0
42.0,male,3,1,1,1,7882.375,36.0,1,bad,0,1,0
35.0,male,2,1,0,0,2346.0,24.0,1,good,3,1,1
22.0,male,2,0,0,0,3973.0,14.0,1,good,2,1,1
41.0,male,1,1,0,1,888.0,12.0,1,bad,0,1,0
37.0,male,2,1,0,0,7882.375,42.0,5,good,0,1,1
28.0,female,2,1,0,1,4221.0,30.0,0,good,3,0,1
41.0,male,2,1,0,1,6361.0,18.0,4,good,0,1,1
23.0,male,2,2,0,2,1297.0,12.0,5,good,2,1,1
23.0,male,2,1,0,0,900.0,12.0,1,bad,2,1,0
50.0,male,2,1,0,0,2241.0,21.0,4,good,0,1,1
35.0,male,3,1,0,1,1050.0,6.0,4,good,3,1,1
50.0,female,1,1,0,2,1047.0,6.0,3,good,0,0,1
27.0,male,3,1,0,0,6314.0,24.0,7,good,3,1,1
34.0,male,2,1,3,1,3496.0,30.0,4,good,3,1,1
27.0,female,2,1,0,0,3609.0,42.0,0,good,3,0,1
43.0,male,2,2,0,0,4843.0,12.0,1,bad,0,1,0
47.0,male,2,1,0,2,3017.0,30.0,5,good,0,1,1
27.0,male,1,1,1,0,4139.0,24.0,0,good,3,1,1
31.0,male,2,1,1,0,5742.0,36.0,0,good,3,1,1
42.0,male,3,1,0,0,7882.375,42.0,1,good,0,1,1
24.0,male,2,1,2,0,2080.0,6.0,1,good,2,1,1
41.0,male,1,1,2,0,2580.0,21.0,0,bad,0,1,0
26.0,female,3,2,0,0,4530.0,30.0,5,good,3,0,1
33.0,male,2,1,0,0,5150.0,24.0,4,good,3,1,1
24.0,male,2,1,1,1,5595.0,42.0,5,bad,2,1,0
64.0,male,1,2,0,0,2384.0,24.0,5,good,1,1,1
26.0,female,2,1,0,0,1453.0,18.0,5,good,3,0,1
56.0,female,2,1,0,0,1538.0,6.0,3,good,0,0,1
37.0,male,2,0,0,0,2279.0,12.0,5,good,0,1,1
33.0,male,2,1,0,0,1478.0,15.0,5,good,3,1,1
47.0,male,2,0,0,0,5103.0,24.0,5,good,0,1,1
31.0,male,1,1,1,1,7882.375,36.0,0,good,3,1,1
34.0,male,2,0,0,0,6527.0,42.0,1,good,3,1,1
27.0,male,2,1,0,2,1347.0,10.0,5,good,3,1,1
30.0,male,2,0,1,1,2862.0,36.0,1,good,3,1,1
35.0,male,2,1,1,0,2753.0,9.0,5,good,3,1,1
31.0,male,2,1,3,0,3651.0,12.0,1,good,3,1,1
25.0,male,2,1,0,0,975.0,15.0,4,good,2,1,1
25.0,female,1,1,1,1,2631.0,15.0,6,good,2,0,1
29.0,male,2,1,1,1,2896.0,24.0,5,good,3,1,1
44.0,male,1,1,0,0,4716.0,6.0,1,good,0,1,1
28.0,male,2,1,0,0,2284.0,24.0,5,good,3,1,1
50.0,male,2,2,2,0,1236.0,6.0,1,good,0,1,1
29.0,male,2,1,0,1,1103.0,12.0,5,good,3,1,1
38.0,female,0,1,0,0,926.0,12.0,1,good,0,0,1
24.0,male,2,1,0,0,1800.0,18.0,5,good,2,1,1
40.0,male,3,2,0,2,1905.0,15.0,3,good,0,1,1
29.0,female,1,2,2,0,1123.0,12.0,4,bad,3,0,0
46.0,male,2,0,0,0,6331.0,42.0,1,bad,0,1,0
47.0,female,2,0,1,2,1377.0,24.0,5,good,0,0,1
41.0,male,2,1,1,1,2503.0,30.0,0,good,0,1,1
32.0,female,2,1,0,1,2528.0,27.0,0,good,3,0,1
35.0,female,2,0,2,0,5324.0,15.0,1,good,3,0,1
24.0,male,2,1,1,1,6560.0,42.0,1,bad,2,1,0
25.0,female,2,2,0,1,2969.0,12.0,4,bad,2,0,0
25.0,female,2,1,0,1,1206.0,9.0,5,good,2,0,1
37.0,male,1,1,0,1,2118.0,9.0,5,good,0,1,1
32.0,male,3,1,2,0,629.0,18.0,5,good,3,1,1
35.0,female,2,0,0,0,1198.0,6.0,3,bad,3,0,0
46.0,male,3,1,0,0,2476.0,21.0,1,good,0,1,1
25.0,male,1,1,0,0,1138.0,9.0,5,good,2,1,1
27.0,male,3,1,0,1,7882.375,42.0,1,bad,3,1,0
63.0,male,2,1,0,0,7596.0,30.0,1,good,1,1,1
40.0,male,2,1,0,0,3077.0,30.0,5,good,0,1,1
32.0,male,3,0,0,0,1505.0,18.0,5,good,3,1,1
31.0,male,2,1,0,2,3148.0,24.0,5,good,3,1,1
31.0,male,2,1,1,1,6148.0,20.0,1,good,3,1,1
34.0,male,3,1,0,2,1337.0,9.0,5,bad,3,1,0
24.0,female,2,2,3,1,433.0,6.0,3,bad,2,0,0
24.0,female,1,1,0,0,1228.0,12.0,1,bad,2,0,0
64.5,female,1,1,2,1,790.0,9.0,5,good,1,0,1
21.0,female,2,2,0,0,2570.0,27.0,1,bad,2,0,0
41.0,female,1,1,3,0,250.0,6.0,1,good,0,0,1
47.0,male,1,1,2,0,1316.0,15.0,5,good,0,1,1
25.0,female,2,2,0,0,1882.0,18.0,5,bad,2,0,0
59.0,female,2,2,0,1,6416.0,42.0,0,bad,0,0,0
36.0,male,2,1,3,2,1275.0,24.0,0,good,0,1,1
33.0,male,2,1,0,1,6403.0,24.0,5,good,3,1,1
21.0,male,1,2,0,0,1987.0,24.0,5,bad,2,1,0
44.0,female,1,1,0,1,760.0,8.0,5,good,0,0,1
28.0,female,2,2,3,0,2603.0,24.0,1,good,3,0,1
37.0,female,2,1,0,0,3380.0,4.0,1,good,0,0,1
29.0,female,0,1,0,1,3990.0,36.0,2,good,3,0,1
23.0,female,3,2,0,1,7882.375,24.0,1,bad,2,0,0
35.0,male,1,1,1,0,4380.0,18.0,1,good,3,1,1
45.0,male,3,1,0,0,6761.0,6.0,1,good,0,1,1
26.0,female,1,2,1,1,4280.0,30.0,0,bad,3,0,0
32.0,male,2,1,1,0,2325.0,24.0,1,good,3,1,1
23.0,male,1,1,0,1,1048.0,10.0,5,good,2,1,1
41.0,male,2,1,0,0,3160.0,21.0,5,good,0,1,1
22.0,male,2,1,2,0,2483.0,24.0,4,good,2,1,1
30.0,male,3,1,0,0,7882.375,39.0,4,good,3,1,1
28.0,male,1,1,0,0,1797.0,13.0,0,good,3,1,1
23.0,female,2,2,0,0,2511.0,15.0,1,good,2,0,1
37.0,female,1,1,0,0,1274.0,12.0,1,bad,0,0,0
26.0,male,2,1,0,0,5248.0,21.0,1,good,3,1,1
33.0,male,2,1,0,0,3029.0,15.0,1,good,3,1,1
49.0,female,2,1,0,0,428.0,6.0,4,good,0,0,1
23.0,female,1,1,0,0,976.0,18.0,1,bad,2,0,0
23.0,female,1,2,1,1,841.0,12.0,0,good,2,0,1
25.0,female,2,1,0,0,5771.0,30.0,5,good,2,0,1
55.0,male,2,0,3,0,1555.0,12.0,6,bad,0,1,0
32.0,female,2,2,0,0,1285.0,24.0,1,bad,3,0,0
64.5,male,0,1,0,2,1299.0,6.0,1,good,1,1,1
39.0,male,2,0,0,2,1271.0,15.0,5,bad,0,1,0
31.0,male,2,1,0,0,1393.0,24.0,1,good,3,1,1
35.0,male,2,1,0,0,691.0,12.0,1,bad,3,1,0
59.0,female,2,1,0,0,5045.0,15.0,1,good,0,0,1
24.0,female,2,2,0,0,2124.0,18.0,4,bad,2,0,0
24.0,male,1,1,0,0,2214.0,12.0,5,good,2,1,1
30.0,male,3,0,0,0,7882.375,21.0,1,bad,3,1,0
27.0,male,2,1,1,0,2463.0,24.0,1,good,3,1,1
40.0,male,1,1,0,1,1155.0,12.0,5,good,0,1,1
31.0,male,1,1,0,0,3108.0,30.0,4,bad,3,1,0
31.0,female,2,2,0,0,2901.0,10.0,1,good,3,0,1
28.0,male,2,2,0,1,3617.0,12.0,4,good,3,1,1
63.0,male,1,1,0,0,1655.0,12.0,5,good,1,1,1
26.0,female,2,2,0,0,2812.0,24.0,1,good,3,0,1
25.0,female,3,1,0,0,7882.375,36.0,3,bad,2,0,0
36.0,male,3,1,0,0,3275.0,21.0,1,good,0,1,1
52.0,male,2,1,1,0,2223.0,24.0,5,good,0,1,1
64.5,male,0,0,2,2,1480.0,12.0,1,good,1,1,1
25.0,female,2,2,0,0,1371.0,24.0,1,bad,2,0,0
37.0,male,2,1,0,0,3535.0,36.0,1,good,0,1,1
25.0,female,2,1,0,0,3509.0,18.0,5,good,2,0,1
38.0,male,3,1,3,0,5711.0,36.0,1,good,0,1,1
64.5,female,2,1,0,1,3872.0,18.0,6,good,1,0,1
25.0,male,2,1,0,1,4933.0,39.0,5,bad,2,1,0
60.0,male,2,1,3,0,1940.0,24.0,1,good,0,1,1
31.0,male,1,1,0,1,1410.0,12.0,3,good,3,1,1
23.0,female,1,1,1,1,836.0,12.0,1,bad,2,0,0
60.0,male,3,1,0,1,6468.0,20.0,1,good,0,1,1
35.0,male,1,1,3,1,1941.0,18.0,0,good,3,1,1
40.0,male,2,1,2,0,2675.0,22.0,5,good,0,1,1
38.0,male,2,1,0,0,2751.0,42.0,1,good,0,1,1
50.0,male,2,0,0,1,6224.0,42.0,3,bad,0,1,0
27.0,male,2,1,0,0,5998.0,40.0,3,bad,3,1,0
39.0,female,2,1,0,1,1188.0,21.0,0,bad,0,0,0
41.0,male,3,1,0,0,6313.0,24.0,1,good,0,1,1
27.0,male,2,1,0,0,1221.0,6.0,4,good,3,1,1
51.0,male,2,0,0,2,2892.0,24.0,4,good,0,1,1
32.0,male,2,2,2,0,3062.0,24.0,4,good,3,1,1
22.0,female,2,2,1,0,2301.0,9.0,4,good,2,0,1
51.0,male,2,0,0,0,7511.0,18.0,1,bad,0,1,0
22.0,female,1,2,0,0,1258.0,12.0,4,good,2,0,1
54.0,male,2,1,0,0,717.0,24.0,1,good,0,1,1
35.0,male,0,1,0,1,1549.0,9.0,1,good,3,1,1
54.0,male,2,0,0,0,1597.0,24.0,3,good,0,1,1
48.0,female,1,2,0,1,1795.0,18.0,5,good,0,0,1
24.0,female,2,1,0,0,4272.0,20.0,4,good,2,0,1
35.0,male,2,1,0,0,976.0,12.0,5,good,3,1,1
24.0,female,0,2,0,1,7472.0,12.0,1,good,2,0,1
24.0,male,2,1,0,0,7882.375,36.0,1,bad,2,1,0
26.0,male,1,1,0,1,590.0,6.0,5,good,3,1,1
64.5,male,2,1,0,0,930.0,12.0,5,good,1,1,1
55.0,male,3,0,0,1,7882.375,42.0,1,good,0,1,1
26.0,female,0,2,0,1,1778.0,15.0,1,bad,3,0,0
26.0,male,2,1,0,1,907.0,8.0,0,good,3,1,1
28.0,male,1,1,0,1,484.0,6.0,5,good,3,1,1
24.0,male,2,1,0,0,7882.375,36.0,1,bad,2,1,0
54.0,male,2,1,0,0,3051.0,42.0,2,bad,0,1,0
46.0,male,2,0,0,0,3931.0,42.0,1,bad,0,1,0
54.0,female,2,2,0,1,7432.0,36.0,1,good,0,0,1
62.0,male,2,1,2,0,1338.0,6.0,2,good,1,1,1
24.0,female,2,2,0,0,1554.0,6.0,5,good,2,0,1
43.0,male,3,1,0,0,7882.375,36.0,7,good,0,1,1
26.0,male,2,1,0,0,1345.0,18.0,5,bad,3,1,0
27.0,male,2,1,0,0,1101.0,12.0,1,good,3,1,1
24.0,male,2,1,0,2,3016.0,12.0,5,good,2,1,1
41.0,male,2,1,0,0,2712.0,36.0,4,bad,0,1,0
47.0,male,1,1,0,0,731.0,8.0,1,good,0,1,1
35.0,male,3,1,0,0,3780.0,18.0,4,good,3,1,1
30.0,male,2,1,0,0,1602.0,21.0,1,good,3,1,1
33.0,female,2,2,0,0,3966.0,18.0,1,bad,3,0,0
36.0,male,2,1,0,0,4165.0,18.0,0,bad,0,1,0
47.0,male,2,0,0,0,7882.375,36.0,1,bad,0,1,0
38.0,male,2,0,0,1,6681.0,42.0,0,good,0,1,1
44.0,male,2,1,2,0,2375.0,24.0,0,good,0,1,1
23.0,female,2,2,0,0,1216.0,18.0,1,bad,2,0,0
29.0,male,2,2,0,0,7882.375,42.0,0,bad,3,1,0
42.0,female,2,1,0,1,5084.0,24.0,5,good,0,0,1
25.0,female,1,1,0,2,2327.0,15.0,5,bad,2,0,0
48.0,male,2,1,0,0,1082.0,12.0,1,bad,0,1,0
21.0,female,2,1,0,0,886.0,12.0,5,good,2,0,1
23.0,female,1,2,0,0,601.0,4.0,4,good,2,0,1
63.0,male,2,1,0,0,2957.0,24.0,1,good,1,1,1
46.0,male,2,1,0,0,2611.0,24.0,5,good,0,1,1
29.0,male,2,1,0,0,5179.0,36.0,4,bad,3,1,0
28.0,male,1,1,0,0,2993.0,21.0,1,good,3,1,1
23.0,female,2,1,0,0,1943.0,18.0,6,bad,2,0,0
50.0,male,2,1,0,0,1559.0,24.0,0,good,0,1,1
47.0,male,2,1,0,0,3422.0,18.0,4,good,0,1,1
35.0,male,2,1,0,1,3976.0,21.0,4,good,3,1,1
64.5,male,2,2,0,0,6761.0,18.0,1,bad,1,1,0
28.0,male,2,1,0,0,1249.0,24.0,1,good,3,1,1
59.0,male,2,1,0,0,1364.0,9.0,5,good,0,1,1
57.0,male,1,1,0,0,709.0,12.0,5,bad,0,1,0
33.0,male,2,2,0,0,2235.0,20.0,1,bad,3,1,0
43.0,male,2,1,0,0,4042.0,24.0,1,good,0,1,1
35.0,male,2,0,0,0,1471.0,15.0,5,good,3,1,1
32.0,male,1,0,0,0,1442.0,18.0,1,bad,3,1,0
45.0,male,2,1,0,0,7882.375,36.0,1,good,0,1,1
33.0,male,2,1,1,0,1474.0,24.0,1,good,3,1,1
40.0,female,2,1,0,0,894.0,10.0,3,good,0,0,1
28.0,male,2,0,0,0,3343.0,15.0,4,good,3,1,1
29.0,female,2,1,0,0,3959.0,15.0,1,bad,3,0,0
26.0,male,2,2,1,0,3577.0,9.0,1,good,3,1,1
27.0,male,2,1,3,0,5804.0,24.0,1,good,3,1,1
28.0,male,2,1,0,0,2169.0,18.0,0,bad,3,1,0
35.0,female,2,1,0,0,2439.0,24.0,5,bad,3,0,0
32.0,male,1,1,3,0,4526.0,27.0,4,good,3,1,1
25.0,male,1,2,0,0,2210.0,10.0,4,bad,2,1,0
20.0,female,2,2,2,0,2221.0,15.0,4,good,2,0,1
27.0,female,2,1,0,0,2389.0,18.0,5,good,3,0,1
42.0,male,2,1,0,0,3331.0,12.0,4,good,0,1,1
37.0,male,2,1,0,0,7409.0,36.0,0,good,0,1,1
24.0,female,2,2,0,0,652.0,12.0,4,good,2,0,1
40.0,female,2,1,2,0,7678.0,36.0,4,good,0,0,1
46.0,male,2,1,0,2,1343.0,6.0,1,good,0,1,1
26.0,male,2,1,1,0,1382.0,24.0,0,good,3,1,1
24.0,female,2,1,0,0,874.0,15.0,2,good,2,0,1
29.0,male,1,1,0,0,3590.0,12.0,4,good,3,1,1
40.0,female,2,1,3,1,1322.0,11.0,1,good,0,0,1
36.0,male,3,0,0,0,1940.0,18.0,5,good,0,1,1
28.0,male,2,1,0,0,3595.0,36.0,5,good,3,1,1
27.0,male,3,0,0,0,1422.0,9.0,1,bad,3,1,0
36.0,male,2,1,0,0,6742.0,30.0,5,good,0,1,1
38.0,male,3,1,0,0,7814.0,24.0,1,good,0,1,1
48.0,male,2,0,0,0,7882.375,24.0,1,good,0,1,1
36.0,male,2,1,0,1,2181.0,30.0,1,good,0,1,1
64.5,female,0,1,0,0,1098.0,18.0,5,good,1,0,1
43.0,male,2,1,0,1,4057.0,24.0,4,bad,0,1,0
53.0,female,2,1,0,0,795.0,12.0,3,bad,0,0,0
34.0,male,2,1,0,1,2825.0,24.0,0,good,3,1,1
23.0,male,2,1,0,1,7882.375,42.0,0,bad,2,1,0
34.0,male,3,1,0,0,6614.0,36.0,1,good,3,1,1
40.0,male,2,2,0,0,7824.0,28.0,1,good,0,1,1
43.0,male,3,1,0,0,2442.0,27.0,0,good,0,1,1
46.0,male,2,1,0,0,1829.0,15.0,5,good,0,1,1
38.0,male,1,1,0,0,2171.0,12.0,1,good,0,1,1
34.0,male,2,1,0,1,5800.0,36.0,1,good,3,1,1
29.0,male,2,1,0,0,1169.0,18.0,5,good,3,1,1
31.0,male,3,1,0,0,7882.375,36.0,1,good,3,1,1
28.0,female,3,2,0,0,2606.0,21.0,5,good,3,0,1
35.0,female,2,1,3,0,1592.0,12.0,4,good,3,0,1
33.0,female,1,2,0,0,2186.0,15.0,4,good,3,0,1
42.0,male,2,1,0,0,4153.0,18.0,4,bad,0,1,0
43.0,male,2,2,0,0,2625.0,16.0,1,bad,0,1,0
44.0,male,2,1,0,0,3485.0,20.0,1,good,0,1,1
42.0,male,2,0,0,0,7882.375,36.0,1,good,0,1,1
40.0,male,2,2,0,0,1386.0,15.0,5,good,0,1,1
36.0,male,3,1,0,0,1278.0,24.0,5,good,0,1,1
20.0,male,3,2,0,0,1107.0,12.0,5,good,2,1,1
24.0,male,1,1,0,0,3763.0,21.0,1,good,2,1,1
27.0,male,2,1,0,1,3711.0,36.0,3,good,3,1,1
46.0,female,1,1,0,0,3594.0,15.0,1,good,0,0,1
33.0,female,1,1,0,1,3195.0,9.0,1,good,3,0,1
34.0,female,2,1,0,0,4454.0,36.0,5,good,3,0,1
25.0,female,1,1,0,1,4736.0,24.0,4,bad,2,0,0
25.0,female,2,1,0,1,2991.0,30.0,5,good,2,0,1
28.0,male,2,1,3,0,2142.0,11.0,0,good,3,1,1
31.0,male,2,2,0,0,3161.0,24.0,0,bad,3,1,0
32.0,female,3,1,0,1,7882.375,42.0,7,bad,3,0,0
32.0,male,2,1,1,0,2848.0,10.0,1,good,3,1,1
64.5,male,3,1,0,0,7882.375,6.0,1,bad,1,1,0
33.0,male,2,1,1,0,2359.0,24.0,4,bad,3,1,0
39.0,male,3,2,0,0,3345.0,24.0,4,bad,0,1,0
28.0,female,2,1,0,0,1817.0,18.0,4,good,3,0,1
37.0,male,3,1,2,0,7882.375,42.0,5,good,0,1,1
22.0,female,2,2,0,0,1366.0,9.0,5,bad,2,0,0
30.0,male,2,2,0,1,2002.0,12.0,1,good,3,1,1
55.0,male,2,1,0,0,6872.0,24.0,4,bad,0,1,0
46.0,male,2,1,0,0,697.0,12.0,1,bad,0,1,0
21.0,female,2,2,0,0,1049.0,18.0,4,good,2,0,1
39.0,male,2,0,0,0,7882.375,42.0,1,bad,0,1,0
58.0,male,2,1,0,0,1867.0,30.0,5,good,0,1,1
43.0,male,1,1,0,0,1344.0,12.0,1,good,0,1,1
24.0,male,1,1,0,0,1747.0,24.0,4,good,2,1,1
22.0,female,2,1,0,1,1670.0,9.0,5,bad,2,0,0
30.0,male,2,1,0,0,1224.0,9.0,1,good,3,1,1
42.0,male,2,1,2,0,522.0,12.0,5,good,0,1,1
23.0,female,2,1,0,0,1498.0,12.0,5,good,2,0,1
30.0,male,3,1,1,1,1919.0,30.0,5,bad,3,1,0
28.0,female,1,1,0,2,745.0,9.0,5,bad,3,0,0
30.0,male,3,2,0,1,2063.0,6.0,5,good,3,1,1
42.0,male,2,0,0,1,6288.0,42.0,3,bad,0,1,0
46.0,male,3,1,0,0,6842.0,24.0,1,good,0,1,1
45.0,male,3,1,0,0,3527.0,12.0,1,good,0,1,1
31.0,male,1,1,0,0,1546.0,10.0,1,good,3,1,1
31.0,male,2,1,0,0,929.0,24.0,4,good,3,1,1
42.0,male,1,1,0,0,1455.0,4.0,1,good,0,1,1
46.0,female,2,2,0,0,1845.0,15.0,4,good,0,0,1
30.0,female,2,1,2,1,7882.375,42.0,1,good,3,0,1
30.0,male,2,0,2,0,3349.0,24.0,4,bad,3,1,0
38.0,male,3,1,0,0,2859.0,12.0,1,good,0,1,1
43.0,male,1,1,0,0,1533.0,18.0,4,bad,0,1,0
31.0,male,2,1,1,0,3621.0,24.0,5,bad,3,1,0
40.0,male,0,1,0,1,3590.0,18.0,0,good,0,1,1
24.0,male,2,1,0,0,2145.0,36.0,0,bad,2,1,0
28.0,female,2,2,2,1,4113.0,24.0,1,bad,3,0,0
26.0,female,3,1,0,0,7882.375,36.0,4,bad,3,0,0
29.0,female,2,1,0,0,1893.0,12.0,1,good,3,0,1
57.0,female,3,2,3,0,1231.0,24.0,5,good,0,0,1
49.0,male,1,1,0,2,3656.0,30.0,5,good,0,1,1
37.0,male,1,1,0,1,1154.0,9.0,5,good,0,1,1
45.0,male,1,1,0,0,4006.0,28.0,1,bad,0,1,0
30.0,male,2,0,1,1,3069.0,24.0,4,good,3,1,1
30.0,male,2,2,0,0,1740.0,6.0,5,good,3,1,1
47.0,male,2,1,0,1,2353.0,21.0,1,good,0,1,1
29.0,male,2,1,0,0,3556.0,15.0,1,good,3,1,1
35.0,male,2,1,2,0,2397.0,24.0,5,bad,3,1,0
22.0,male,1,1,0,1,454.0,6.0,6,good,2,1,1
26.0,female,2,1,0,1,1715.0,30.0,5,good,3,0,1
23.0,male,1,1,2,1,2520.0,27.0,5,bad,2,1,0
54.0,female,3,2,0,0,3568.0,15.0,5,good,0,0,1
29.0,male,2,2,0,0,7166.0,42.0,5,good,3,1,1
40.0,male,1,1,0,0,3939.0,11.0,1,good,0,1,1
22.0,male,2,1,1,1,1514.0,15.0,6,good,2,1,1
43.0,male,1,1,0,0,7393.0,24.0,1,good,0,1,1
29.0,female,0,2,0,0,1193.0,24.0,1,bad,3,0,0
36.0,male,2,2,0,0,7297.0,42.0,0,bad,0,1,0
33.0,female,2,1,0,0,2831.0,30.0,5,good,3,0,1
57.0,female,1,1,2,2,1258.0,24.0,5,good,0,0,1
64.0,female,2,1,0,1,753.0,6.0,5,good,1,0,1
42.0,male,2,1,0,1,2427.0,18.0,0,good,0,1,1
47.0,male,1,1,0,0,2538.0,24.0,1,bad,0,1,0
25.0,male,2,2,1,1,1264.0,15.0,1,bad,2,1,0
49.0,male,2,1,0,1,7882.375,30.0,4,bad,0,1,0
33.0,male,3,2,0,0,4844.0,42.0,0,bad,3,1,0
28.0,female,3,1,1,2,2923.0,21.0,1,good,3,0,1
26.0,male,2,1,0,0,7882.375,36.0,1,bad,3,1,0
30.0,male,1,1,0,0,2028.0,24.0,4,good,3,1,1
25.0,female,2,2,0,0,1433.0,15.0,4,good,2,0,1
33.0,male,2,1,0,2,6289.0,42.0,0,good,3,1,1
64.0,female,2,1,1,0,1409.0,13.0,5,good,1,0,1
29.0,male,3,0,0,0,6579.0,24.0,1,good,3,1,1
48.0,male,1,1,0,1,1743.0,24.0,5,good,0,1,1
37.0,male,1,1,0,0,3565.0,12.0,3,good,0,1,1
34.0,male,1,1,1,0,1569.0,15.0,5,good,3,1,1
23.0,male,1,2,0,0,1936.0,18.0,5,good,2,1,1
30.0,male,3,1,0,0,3959.0,36.0,4,good,3,1,1
50.0,male,2,1,0,0,2390.0,12.0,1,good,0,1,1
31.0,female,1,1,0,0,1736.0,12.0,4,good,3,0,1
40.0,male,3,1,0,0,3857.0,30.0,1,good,0,1,1
38.0,male,2,1,0,0,804.0,12.0,5,good,0,1,1
23.0,male,2,0,0,0,1845.0,42.0,5,bad,2,1,0
27.0,male,2,1,1,1,4576.0,42.0,1,good,3,1,1
